{"lr": 0.0, "data_time": 0.13620734214782715, "loss": 0.00027758462867950585, "decode.loss_ce": 0.00027758462867950585, "decode.acc_seg": 99.96092987060547, "time": 0.3239128589630127, "iter": 20000, "memory": 12683, "_timestamp": 1686609408.2879262, "_runtime": 13256.802951097488, "_step": 410, "aAcc": 94.32, "mIoU": 66.28, "mAcc": 93.61, "mDice": 70.29, "mFscore": 93.72, "mPrecision": 70.49, "mRecall": 93.61, "_wandb": {"runtime": 13256}}