{"lr": 0.0, "data_time": 0.1397707802908761, "loss": 0.020318603329360484, "decode.loss_ce": 0.020318603329360484, "decode.acc_seg": 99.23439025878906, "time": 0.32822751998901367, "iter": 20000, "memory": 12688, "_timestamp": 1686294791.9250844, "_runtime": 9853.090182304382, "_step": 410, "aAcc": 92.29, "mIoU": 63.64, "mAcc": 91.23, "_wandb": {"runtime": 9852}}